subject,count,link
"advertising",14,"http://localhost:4000/make_believe_public/browse.html#advertising"
"parades",9,"http://localhost:4000/make_believe_public/browse.html#parades"
"photographs",9,"http://localhost:4000/make_believe_public/browse.html#photographs"
"street scenes",7,"http://localhost:4000/make_believe_public/browse.html#street%20scenes"
"banners",6,"http://localhost:4000/make_believe_public/browse.html#banners"
"letterheads",5,"http://localhost:4000/make_believe_public/browse.html#letterheads"
"illustrations",5,"http://localhost:4000/make_believe_public/browse.html#illustrations"
"postcards",5,"http://localhost:4000/make_believe_public/browse.html#postcards"
"cityscapes (representations)",5,"http://localhost:4000/make_believe_public/browse.html#cityscapes%20(representations)"
"costumes (character dress)",5,"http://localhost:4000/make_believe_public/browse.html#costumes%20(character%20dress)"
"facial hairstyles",5,"http://localhost:4000/make_believe_public/browse.html#facial%20hairstyles"
"flags",4,"http://localhost:4000/make_believe_public/browse.html#flags"
"studio portraits",4,"http://localhost:4000/make_believe_public/browse.html#studio%20portraits"
"rivers",4,"http://localhost:4000/make_believe_public/browse.html#rivers"
"plates (illustrations)",4,"http://localhost:4000/make_believe_public/browse.html#plates%20(illustrations)"
"real estate",4,"http://localhost:4000/make_believe_public/browse.html#real%20estate"
"hats",4,"http://localhost:4000/make_believe_public/browse.html#hats"
"caricatures",4,"http://localhost:4000/make_believe_public/browse.html#caricatures"
"murals (general, decorations on wall)",4,"http://localhost:4000/make_believe_public/browse.html#murals%20(general,%20decorations%20on%20wall)"
"lumber",3,"http://localhost:4000/make_believe_public/browse.html#lumber"
"industrial buildings",3,"http://localhost:4000/make_believe_public/browse.html#industrial%20buildings"
"graphic design",3,"http://localhost:4000/make_believe_public/browse.html#graphic%20design"
"portraits",3,"http://localhost:4000/make_believe_public/browse.html#portraits"
"promotional materials",3,"http://localhost:4000/make_believe_public/browse.html#promotional%20materials"
"arches",3,"http://localhost:4000/make_believe_public/browse.html#arches"
"packaging",3,"http://localhost:4000/make_believe_public/browse.html#packaging"
"figures (illustrations)",3,"http://localhost:4000/make_believe_public/browse.html#figures%20(illustrations)"
"performance costumes",3,"http://localhost:4000/make_believe_public/browse.html#performance%20costumes"
"typography",3,"http://localhost:4000/make_believe_public/browse.html#typography"
"spectators (event observers)",3,"http://localhost:4000/make_believe_public/browse.html#spectators%20(event%20observers)"
"umbrellas",3,"http://localhost:4000/make_believe_public/browse.html#umbrellas"
"windmills",3,"http://localhost:4000/make_believe_public/browse.html#windmills"
"marginal illustrations",3,"http://localhost:4000/make_believe_public/browse.html#marginal%20illustrations"
"base maps",3,"http://localhost:4000/make_believe_public/browse.html#base%20maps"
"urban landscapes",3,"http://localhost:4000/make_believe_public/browse.html#urban%20landscapes"
"newspapers",3,"http://localhost:4000/make_believe_public/browse.html#newspapers"
"mining",3,"http://localhost:4000/make_believe_public/browse.html#mining"
"brochures",2,"http://localhost:4000/make_believe_public/browse.html#brochures"
"smokestacks",2,"http://localhost:4000/make_believe_public/browse.html#smokestacks"
"awnings",2,"http://localhost:4000/make_believe_public/browse.html#awnings"
"lunettes (wall components)",2,"http://localhost:4000/make_believe_public/browse.html#lunettes%20(wall%20components)"
"floral patterns",2,"http://localhost:4000/make_believe_public/browse.html#floral%20patterns"
"political cartoons",2,"http://localhost:4000/make_believe_public/browse.html#political%20cartoons"
"interior design",2,"http://localhost:4000/make_believe_public/browse.html#interior%20design"
"musical instruments",2,"http://localhost:4000/make_believe_public/browse.html#musical%20instruments"
"fireplaces",2,"http://localhost:4000/make_believe_public/browse.html#fireplaces"
"arch bridges",2,"http://localhost:4000/make_believe_public/browse.html#arch%20bridges"
"flour mills",2,"http://localhost:4000/make_believe_public/browse.html#flour%20mills"
"sawmills (factories)",2,"http://localhost:4000/make_believe_public/browse.html#sawmills%20(factories)"
"doric columns",2,"http://localhost:4000/make_believe_public/browse.html#doric%20columns"
"engraving (action)",2,"http://localhost:4000/make_believe_public/browse.html#engraving%20(action)"
"day dresses",2,"http://localhost:4000/make_believe_public/browse.html#day%20dresses"
"headdresses",2,"http://localhost:4000/make_believe_public/browse.html#headdresses"
"flowers (plant components)",2,"http://localhost:4000/make_believe_public/browse.html#flowers%20(plant%20components)"
"trademarks",2,"http://localhost:4000/make_believe_public/browse.html#trademarks"
"cartography (discipline)",2,"http://localhost:4000/make_believe_public/browse.html#cartography%20(discipline)"
"trade cards",2,"http://localhost:4000/make_believe_public/browse.html#trade%20cards"
"boats",2,"http://localhost:4000/make_believe_public/browse.html#boats"
"commercial art",2,"http://localhost:4000/make_believe_public/browse.html#commercial%20art"
"maps (documents)",2,"http://localhost:4000/make_believe_public/browse.html#maps%20(documents)"
"guitars",2,"http://localhost:4000/make_believe_public/browse.html#guitars"
"industrial expositions",2,"http://localhost:4000/make_believe_public/browse.html#industrial%20expositions"
"ionic columns",2,"http://localhost:4000/make_believe_public/browse.html#ionic%20columns"
"business cards",2,"http://localhost:4000/make_believe_public/browse.html#business%20cards"
"fires (events)",2,"http://localhost:4000/make_believe_public/browse.html#fires%20(events)"
"hills (landforms)",2,"http://localhost:4000/make_believe_public/browse.html#hills%20(landforms)"
"immigration",2,"http://localhost:4000/make_believe_public/browse.html#immigration"
"fair buildings",2,"http://localhost:4000/make_believe_public/browse.html#fair%20buildings"
"streetcars",2,"http://localhost:4000/make_believe_public/browse.html#streetcars"
"colonies",2,"http://localhost:4000/make_believe_public/browse.html#colonies"
"ships",2,"http://localhost:4000/make_believe_public/browse.html#ships"
"commercial correspondence",2,"http://localhost:4000/make_believe_public/browse.html#commercial%20correspondence"
"horse-drawn vehicles",2,"http://localhost:4000/make_believe_public/browse.html#horse-drawn%20vehicles"
"valleys (landforms)",1,"http://localhost:4000/make_believe_public/browse.html#valleys%20(landforms)"
"life floats",1,"http://localhost:4000/make_believe_public/browse.html#life%20floats"
"steamships",1,"http://localhost:4000/make_believe_public/browse.html#steamships"
"utility poles",1,"http://localhost:4000/make_believe_public/browse.html#utility%20poles"
"storefronts",1,"http://localhost:4000/make_believe_public/browse.html#storefronts"
"main streets",1,"http://localhost:4000/make_believe_public/browse.html#main%20streets"
"bathhouses (water recreation structures)",1,"http://localhost:4000/make_believe_public/browse.html#bathhouses%20(water%20recreation%20structures)"
"open automobiles",1,"http://localhost:4000/make_believe_public/browse.html#open%20automobiles"
"laundries (businesses)",1,"http://localhost:4000/make_believe_public/browse.html#laundries%20(businesses)"
"signage",1,"http://localhost:4000/make_believe_public/browse.html#signage"
"paper lanterns",1,"http://localhost:4000/make_believe_public/browse.html#paper%20lanterns"
"sailing vessels",1,"http://localhost:4000/make_believe_public/browse.html#sailing%20vessels"
"fabricators",1,"http://localhost:4000/make_believe_public/browse.html#fabricators"
"harvesting",1,"http://localhost:4000/make_believe_public/browse.html#harvesting"
"cloth",1,"http://localhost:4000/make_believe_public/browse.html#cloth"
"textiles (visual works)",1,"http://localhost:4000/make_believe_public/browse.html#textiles%20(visual%20works)"
"triangles (polygons)",1,"http://localhost:4000/make_believe_public/browse.html#triangles%20(polygons)"
"cultural appropriation",1,"http://localhost:4000/make_believe_public/browse.html#cultural%20appropriation"
"manufactories",1,"http://localhost:4000/make_believe_public/browse.html#manufactories"
"rail transportation equipment",1,"http://localhost:4000/make_believe_public/browse.html#rail%20transportation%20equipment"
"emblems (symbols)",1,"http://localhost:4000/make_believe_public/browse.html#emblems%20(symbols)"
"pedestrians",1,"http://localhost:4000/make_believe_public/browse.html#pedestrians"
"urban development",1,"http://localhost:4000/make_believe_public/browse.html#urban%20development"
"trade catalogs",1,"http://localhost:4000/make_believe_public/browse.html#trade%20catalogs"
"articles",1,"http://localhost:4000/make_believe_public/browse.html#articles"
"logos",1,"http://localhost:4000/make_believe_public/browse.html#logos"
"bleachers",1,"http://localhost:4000/make_believe_public/browse.html#bleachers"
"children's clothing",1,"http://localhost:4000/make_believe_public/browse.html#children's%20clothing"
"musical performances",1,"http://localhost:4000/make_believe_public/browse.html#musical%20performances"
"stripes",1,"http://localhost:4000/make_believe_public/browse.html#stripes"
"songbooks",1,"http://localhost:4000/make_believe_public/browse.html#songbooks"
"easels",1,"http://localhost:4000/make_believe_public/browse.html#easels"
"sheet music",1,"http://localhost:4000/make_believe_public/browse.html#sheet%20music"
"accordions",1,"http://localhost:4000/make_believe_public/browse.html#accordions"
"trumpets",1,"http://localhost:4000/make_believe_public/browse.html#trumpets"
"top hats (hats)",1,"http://localhost:4000/make_believe_public/browse.html#top%20hats%20(hats)"
"roads",1,"http://localhost:4000/make_believe_public/browse.html#roads"
"chinese characters (writing system)",1,"http://localhost:4000/make_believe_public/browse.html#chinese%20characters%20(writing%20system)"
"cartoons (humorous images)",1,"http://localhost:4000/make_believe_public/browse.html#cartoons%20(humorous%20images)"
"horsehair",1,"http://localhost:4000/make_believe_public/browse.html#horsehair"
"rock carvings",1,"http://localhost:4000/make_believe_public/browse.html#rock%20carvings"
"editorial cartoons",1,"http://localhost:4000/make_believe_public/browse.html#editorial%20cartoons"
"bookshelves",1,"http://localhost:4000/make_believe_public/browse.html#bookshelves"
"armchairs",1,"http://localhost:4000/make_believe_public/browse.html#armchairs"
"wallpapers",1,"http://localhost:4000/make_believe_public/browse.html#wallpapers"
"vases",1,"http://localhost:4000/make_believe_public/browse.html#vases"
"ladders",1,"http://localhost:4000/make_believe_public/browse.html#ladders"
"horses",1,"http://localhost:4000/make_believe_public/browse.html#horses"
"gesture",1,"http://localhost:4000/make_believe_public/browse.html#gesture"
"symbolism (artistic concept)",1,"http://localhost:4000/make_believe_public/browse.html#symbolism%20(artistic%20concept)"
"real estate development",1,"http://localhost:4000/make_believe_public/browse.html#real%20estate%20development"
"irrigation systems",1,"http://localhost:4000/make_believe_public/browse.html#irrigation%20systems"
"fruit",1,"http://localhost:4000/make_believe_public/browse.html#fruit"
"art exhibitions",1,"http://localhost:4000/make_believe_public/browse.html#art%20exhibitions"
"transportation infrastructure",1,"http://localhost:4000/make_believe_public/browse.html#transportation%20infrastructure"
"dinners",1,"http://localhost:4000/make_believe_public/browse.html#dinners"
"celebrations",1,"http://localhost:4000/make_believe_public/browse.html#celebrations"
"plantations",1,"http://localhost:4000/make_believe_public/browse.html#plantations"
"maps",1,"http://localhost:4000/make_believe_public/browse.html#maps"
"colonialism",1,"http://localhost:4000/make_believe_public/browse.html#colonialism"
"invoices",1,"http://localhost:4000/make_believe_public/browse.html#invoices"
"roses (flowers)",1,"http://localhost:4000/make_believe_public/browse.html#roses%20(flowers)"
"headbands (headgear)",1,"http://localhost:4000/make_believe_public/browse.html#headbands%20(headgear)"
"sashes (costume accessories)",1,"http://localhost:4000/make_believe_public/browse.html#sashes%20(costume%20accessories)"
"posters",1,"http://localhost:4000/make_believe_public/browse.html#posters"
"native american regalia",1,"http://localhost:4000/make_believe_public/browse.html#native%20american%20regalia"
"buses",1,"http://localhost:4000/make_believe_public/browse.html#buses"
"commercial buildings",1,"http://localhost:4000/make_believe_public/browse.html#commercial%20buildings"
"legal documents",1,"http://localhost:4000/make_believe_public/browse.html#legal%20documents"
"statues",1,"http://localhost:4000/make_believe_public/browse.html#statues"
"legal notices",1,"http://localhost:4000/make_believe_public/browse.html#legal%20notices"
"annuals (publications)",1,"http://localhost:4000/make_believe_public/browse.html#annuals%20(publications)"
"medallions (ornament areas)",1,"http://localhost:4000/make_believe_public/browse.html#medallions%20(ornament%20areas)"
"pedestals",1,"http://localhost:4000/make_believe_public/browse.html#pedestals"
"laborers",1,"http://localhost:4000/make_believe_public/browse.html#laborers"
"group portraits",1,"http://localhost:4000/make_believe_public/browse.html#group%20portraits"
"brass instruments",1,"http://localhost:4000/make_believe_public/browse.html#brass%20instruments"
"bird's-eye views",1,"http://localhost:4000/make_believe_public/browse.html#bird's-eye%20views"
"rapids",1,"http://localhost:4000/make_believe_public/browse.html#rapids"
"brick structures",1,"http://localhost:4000/make_believe_public/browse.html#brick%20structures"
"collages (visual works)",1,"http://localhost:4000/make_believe_public/browse.html#collages%20(visual%20works)"
"souvenirs",1,"http://localhost:4000/make_believe_public/browse.html#souvenirs"
"bell towers",1,"http://localhost:4000/make_believe_public/browse.html#bell%20towers"
"green marble",1,"http://localhost:4000/make_believe_public/browse.html#green%20marble"
"lighting fixtures",1,"http://localhost:4000/make_believe_public/browse.html#lighting%20fixtures"
"bank buildings",1,"http://localhost:4000/make_believe_public/browse.html#bank%20buildings"
"neckties",1,"http://localhost:4000/make_believe_public/browse.html#neckties"
"title pages",1,"http://localhost:4000/make_believe_public/browse.html#title%20pages"
"books",1,"http://localhost:4000/make_believe_public/browse.html#books"
"academic dissertations",1,"http://localhost:4000/make_believe_public/browse.html#academic%20dissertations"
"emigrants",1,"http://localhost:4000/make_believe_public/browse.html#emigrants"
"letters (correspondence)",1,"http://localhost:4000/make_believe_public/browse.html#letters%20(correspondence)"
"insurance",1,"http://localhost:4000/make_believe_public/browse.html#insurance"
"oil paintings (visual works)",1,"http://localhost:4000/make_believe_public/browse.html#oil%20paintings%20(visual%20works)"
"terrestrial globes",1,"http://localhost:4000/make_believe_public/browse.html#terrestrial%20globes"
"military uniforms",1,"http://localhost:4000/make_believe_public/browse.html#military%20uniforms"
"classicism",1,"http://localhost:4000/make_believe_public/browse.html#classicism"
"hand tools",1,"http://localhost:4000/make_believe_public/browse.html#hand%20tools"
"chromolithographs",1,"http://localhost:4000/make_believe_public/browse.html#chromolithographs"
"brooches",1,"http://localhost:4000/make_believe_public/browse.html#brooches"
"jewelry",1,"http://localhost:4000/make_believe_public/browse.html#jewelry"
"pins (jewelry)",1,"http://localhost:4000/make_believe_public/browse.html#pins%20(jewelry)"
"rings (jewelry)",1,"http://localhost:4000/make_believe_public/browse.html#rings%20(jewelry)"
"mine structures",1,"http://localhost:4000/make_believe_public/browse.html#mine%20structures"
"vests (garments)",1,"http://localhost:4000/make_believe_public/browse.html#vests%20(garments)"
"jackets",1,"http://localhost:4000/make_believe_public/browse.html#jackets"
"shaft mining",1,"http://localhost:4000/make_believe_public/browse.html#shaft%20mining"
"transportation maps",1,"http://localhost:4000/make_believe_public/browse.html#transportation%20maps"
"railroads (infrastructure)",1,"http://localhost:4000/make_believe_public/browse.html#railroads%20(infrastructure)"
"farmers (people in agriculture)",1,"http://localhost:4000/make_believe_public/browse.html#farmers%20(people%20in%20agriculture)"
"farming (activity or system)",1,"http://localhost:4000/make_believe_public/browse.html#farming%20(activity%20or%20system)"
"greatcoats",1,"http://localhost:4000/make_believe_public/browse.html#greatcoats"
"pamphlets",1,"http://localhost:4000/make_believe_public/browse.html#pamphlets"
"boosterism",1,"http://localhost:4000/make_believe_public/browse.html#boosterism"
"natural landscapes",1,"http://localhost:4000/make_believe_public/browse.html#natural%20landscapes"
"mountains (landforms)",1,"http://localhost:4000/make_believe_public/browse.html#mountains%20(landforms)"
"railroad logos",1,"http://localhost:4000/make_believe_public/browse.html#railroad%20logos"
"urban areas",1,"http://localhost:4000/make_believe_public/browse.html#urban%20areas"
"botanical illustrations",1,"http://localhost:4000/make_believe_public/browse.html#botanical%20illustrations"
"magnets",1,"http://localhost:4000/make_believe_public/browse.html#magnets"
"printed ephemera",1,"http://localhost:4000/make_believe_public/browse.html#printed%20ephemera"
"kitchens",1,"http://localhost:4000/make_believe_public/browse.html#kitchens"
"furniture",1,"http://localhost:4000/make_believe_public/browse.html#furniture"
"wheatstacks",1,"http://localhost:4000/make_believe_public/browse.html#wheatstacks"
"townscapes (representations)",1,"http://localhost:4000/make_believe_public/browse.html#townscapes%20(representations)"
"agriculture (discipline)",1,"http://localhost:4000/make_believe_public/browse.html#agriculture%20(discipline)"
"industry (economic concept)",1,"http://localhost:4000/make_believe_public/browse.html#industry%20(economic%20concept)"
"natural resources",1,"http://localhost:4000/make_believe_public/browse.html#natural%20resources"
"grids (layout features)",1,"http://localhost:4000/make_believe_public/browse.html#grids%20(layout%20features)"
"insignia ribbons",1,"http://localhost:4000/make_believe_public/browse.html#insignia%20ribbons"
"tents",1,"http://localhost:4000/make_believe_public/browse.html#tents"
"processional banners",1,"http://localhost:4000/make_believe_public/browse.html#processional%20banners"
"processions",1,"http://localhost:4000/make_believe_public/browse.html#processions"
"bicycles",1,"http://localhost:4000/make_believe_public/browse.html#bicycles"
"outbuildings",1,"http://localhost:4000/make_believe_public/browse.html#outbuildings"
"ruins",1,"http://localhost:4000/make_believe_public/browse.html#ruins"
"armor",1,"http://localhost:4000/make_believe_public/browse.html#armor"
"certificates",1,"http://localhost:4000/make_believe_public/browse.html#certificates"
"printed materials (object genre)",1,"http://localhost:4000/make_believe_public/browse.html#printed%20materials%20(object%20genre)"
"signatures (names)",1,"http://localhost:4000/make_believe_public/browse.html#signatures%20(names)"
"stereoscopic photography",1,"http://localhost:4000/make_believe_public/browse.html#stereoscopic%20photography"
"kodachrome (tm)",1,"http://localhost:4000/make_believe_public/browse.html#kodachrome%20(tm)"
"explosions",1,"http://localhost:4000/make_believe_public/browse.html#explosions"
"satire (artistic device)",1,"http://localhost:4000/make_believe_public/browse.html#satire%20(artistic%20device)"
"public schools (institutions)",1,"http://localhost:4000/make_believe_public/browse.html#public%20schools%20(institutions)"
"tintypes (photographs)",1,"http://localhost:4000/make_believe_public/browse.html#tintypes%20(photographs)"
"waterways",1,"http://localhost:4000/make_believe_public/browse.html#waterways"
"feathers (animal components)",1,"http://localhost:4000/make_believe_public/browse.html#feathers%20(animal%20components)"
"industrial sites",1,"http://localhost:4000/make_believe_public/browse.html#industrial%20sites"
"log wagons",1,"http://localhost:4000/make_believe_public/browse.html#log%20wagons"
"tinsmiths",1,"http://localhost:4000/make_believe_public/browse.html#tinsmiths"
"central business districts",1,"http://localhost:4000/make_believe_public/browse.html#central%20business%20districts"
"waterfalls (natural bodies of water)",1,"http://localhost:4000/make_believe_public/browse.html#waterfalls%20(natural%20bodies%20of%20water)"
"bridges",1,"http://localhost:4000/make_believe_public/browse.html#bridges"
"bow ties",1,"http://localhost:4000/make_believe_public/browse.html#bow%20ties"
"deforestation",1,"http://localhost:4000/make_believe_public/browse.html#deforestation"
"economic development",1,"http://localhost:4000/make_believe_public/browse.html#economic%20development"
"diaries",1,"http://localhost:4000/make_believe_public/browse.html#diaries"
"handwriting",1,"http://localhost:4000/make_believe_public/browse.html#handwriting"
"dragons",1,"http://localhost:4000/make_believe_public/browse.html#dragons"
"athletic clubs",1,"http://localhost:4000/make_believe_public/browse.html#athletic%20clubs"
"business districts",1,"http://localhost:4000/make_believe_public/browse.html#business%20districts"
"windows",1,"http://localhost:4000/make_believe_public/browse.html#windows"
"entertainment events",1,"http://localhost:4000/make_believe_public/browse.html#entertainment%20events"
